{
  "groups": {
    "adult_male": {
      "sedentary": {
        "energy_kcal": 2320,
        "protein_g_per_kg": 0.83,
        "fat_g": 40
      },
      "moderate": {
        "energy_kcal": 2730,
        "protein_g_per_kg": 0.83,
        "fat_g": 50
      }
    },
    "adult_female": {
      "sedentary": {
        "energy_kcal": 1900,
        "protein_g_per_kg": 0.83,
        "fat_g": 30
      },
      "moderate": {
        "energy_kcal": 2230,
        "protein_g_per_kg": 0.83,
        "fat_g": 40
      }
    }
  },
  "micronutrients": {
    "iron_mg": {
      "adult_male": 17,
      "adult_female": 21
    },
    "calcium_mg": {
      "adult": 1000
    },
    "vitamin_c_mg": {
      "adult": 80
    }
  }
}